﻿<?xml version="1.0" encoding="utf-8"?>
<Security SchemaVersion="2.22.184.0">
  <SecurityGroups>
    <Group ID="Group_01" Name="Administrators" ProjectGuid="72c15999-6570-495d-ae00-f01f41d2976d" />
    <Group ID="Group_02" Name="Operators" ProjectGuid="72c15999-6570-495d-ae00-f01f41d2976d" />
  </SecurityGroups>
  <SecurityUsers>
    <User ProjectGuid="72c15999-6570-495d-ae00-f01f41d2976d">
      <Username>Administrator</Username>
      <PasswordHash>OoMDty4A6yBaM9z7Qo7vCnMLZCU=</PasswordHash>
      <Description></Description>
      <Groups>
        <Group>Group_01</Group>
      </Groups>
      <IsErasable>False</IsErasable>
    </User>
  </SecurityUsers>
</Security>